Blaze,Buttercup,Coco,Cookie,Daffodil,Dapper,Dazzle,Doodle,Dottie,Giggles,Glimmer,Glitch,Gypsy,Jammer,Jellybean,Paws,Quest,Ragnarok,Raven,Shazam,Skittles,Snickers,Storm,Sunny,Tacos,Titan,Tootsie,Waffles,Whimsy,Whisker,Twinkle,Pepper
2901,2903,2901,2902,2902,2902,2907,2903,2902,2909,2906,2904,2906,2905,2901,2901,2901,2902,2908,2903,2901,2906,2901,2901,2901,2901,2901,2908,2902,2905,2901,2901
2904,2904,2902,2911,2903,2908,2908,2910,2914,2914,2907,2908,2907,2907,2902,2903,2912,2904,2909,2905,2903,2907,2905,2904,2906,2908,2907,2909,2904,2916,2908,2904
2907,2909,2906,2913,2908,2909,2910,2914,2917,2920,2910,2917,2910,2911,2903,2904,2913,2907,2910,2907,2905,2908,2907,2905,2909,2909,2912,2915,2906,2920,2909,2908
2911,2910,2907,2915,2915,2910,2911,2915,2921,2924,2915,2923,2913,2924,2905,2905,2920,2912,2921,2910,2907,2910,2909,2906,2910,2910,2913,2919,2907,2924,2912,2909
2912,2913,2910,2917,2919,2914,2922,2919,2927,2930,2920,2924,2914,2926,2909,2909,2921,2921,2927,2914,2912,2912,2911,2908,2913,2913,2914,2920,2913,2926,2915,2910
2917,2916,2914,2918,2922,2915,2927,2920,2932,2932,2932,2933,2917,2928,2910,2912,2923,2927,2928,2915,2914,2918,2920,2910,2915,2916,2917,2922,2915,2930,2917,2911
2920,2920,2921,2921,2924,2922,2930,2928,2934,3002,2933,2935,2918,2930,2917,2913,2927,2932,2929,2919,2917,2925,2923,2911,2918,2920,2923,2923,2919,2931,2927,2913
2926,2937,2926,2927,2927,2923,2932,2939,2936,3003,2938,3001,2931,2938,2932,2915,2929,2934,2930,2920,2919,2926,2932,2916,2921,2922,2926,2924,2924,2932,2928,2919
2928,3001,2927,2930,2930,2926,2940,3001,2938,3007,2939,3006,2933,3004,2934,2918,2931,2935,2932,2921,2925,2928,2936,2922,2924,2923,2933,2927,2925,2933,2932,2920
2931,3003,2929,2931,2936,2927,3001,3002,3003,3010,3004,3007,2934,3006,2936,2923,2932,2936,2934,2923,2926,2932,2938,2929,2927,2933,2936,2931,2926,2934,2935,2922
2933,3006,2930,2932,2938,2933,3005,3003,3004,3012,3012,3009,2935,3020,3003,2928,2936,3004,2937,2924,2928,2935,3001,2935,2934,2935,2937,2934,2934,2937,2937,2924
2935,3012,2936,2939,2939,2934,3006,3005,3005,3013,3013,3010,2940,3021,3005,2931,2938,3005,2939,2931,2937,2936,3002,2937,3006,2936,2939,3001,2935,2938,2939,2925
2937,3013,2940,3002,3001,2935,3007,3007,3006,3017,3014,3011,3004,3025,3006,2932,2939,3006,2940,2933,3007,2938,3004,2939,3009,3001,3002,3005,2937,2939,3004,2926
3005,3016,3002,3003,3002,2939,3011,3011,3009,3022,3021,3013,3005,3029,3008,2937,3002,3010,3002,2939,3008,2939,3005,3001,3016,3004,3003,3006,2938,2940,3013,2929
3007,3019,3003,3004,3005,3001,3013,3014,3019,3028,3024,3017,3006,3030,3010,2939,3004,3011,3011,3001,3010,3001,3008,3014,3022,3010,3004,3015,3001,3006,3015,2935
3009,3020,3006,3007,3007,3007,3014,3018,3023,3031,3029,3018,3008,3031,3012,3001,3011,3012,3012,3007,3012,3002,3010,3015,3025,3011,3005,3016,3005,3008,3020,2936
3018,3021,3008,3011,3011,3011,3015,3019,3025,3032,3039,3020,3010,3032,3013,3004,3012,3015,3018,3010,3013,3003,3016,3019,3026,3014,3006,3022,3011,3012,3023,2937
3020,3023,3012,3013,3012,3012,3017,3024,3029,3035,3041,3021,3013,3033,3014,3006,3017,3016,3019,3012,3015,3005,3018,3022,3028,3017,3011,3024,3013,3013,3024,2939
3022,3030,3024,3015,3013,3016,3019,3028,3030,3036,3042,3022,3015,3036,3021,3008,3018,3018,3020,3014,3016,3007,3021,3026,3030,3018,3012,3029,3016,3015,3032,3001
3026,3031,3026,3016,3016,3017,3022,3030,3032,3037,3052,3023,3018,3046,3024,3009,3020,3023,3021,3018,3018,3011,3025,3030,3034,3022,3016,3030,3017,3016,3034,3003
3028,3035,3030,3021,3022,3018,3023,3031,3037,3041,3055,3024,3021,3051,3025,3014,3023,3024,3022,3020,3024,3012,3027,3031,3040,3031,3018,3042,3019,3018,3035,3017
3031,3036,3032,3027,3032,3019,3028,3032,3039,3044,3102,3026,3022,3052,3029,3016,3024,3030,3026,3027,3037,3013,3028,3035,3041,3034,3020,3051,3020,3019,3038,3019
3032,3038,3035,3031,3033,3023,3029,3035,3041,3052,3107,3029,3028,3057,3031,3017,3027,3036,3028,3028,3041,3016,3037,3038,3042,3039,3023,3053,3027,3026,3039,3021
3034,3040,3040,3036,3034,3025,3032,3036,3042,3056,3114,3031,3030,3059,3032,3020,3030,3037,3031,3037,3054,3019,3038,3040,3046,3040,3027,3054,3030,3027,3040,3022
3041,3042,3043,3038,3040,3027,3034,3038,3045,3059,3116,3035,3032,3104,3033,3022,3033,3040,3034,3042,3057,3025,3039,3042,3047,3042,3029,3106,3040,3028,3041,3024
3042,3043,3045,3041,3043,3028,3036,3039,3051,3104,3117,3040,3035,3105,3034,3026,3036,3041,3038,3046,3102,3026,3040,3046,3051,3043,3030,3108,3042,3033,3042,3025
3051,3044,3047,3051,3046,3031,3043,3040,3052,3113,3118,3041,3036,3109,3038,3028,3037,3044,3055,3054,3104,3028,3044,3052,3054,3055,3033,3109,3051,3041,3045,3027
3053,3054,3057,3052,3054,3035,3044,3043,3053,3115,3120,3043,3037,3112,3040,3029,3041,3051,3056,3055,3108,3030,3051,3054,3102,3056,3040,3114,3053,3042,3046,3030
3057,3055,3059,3059,3057,3036,3047,3044,3107,3126,3125,3044,3038,3113,3045,3030,3047,3053,3104,3056,3109,3033,3054,3055,3103,3057,3041,3115,3056,3052,3047,3032
3058,3058,3113,3107,3059,3038,3051,3046,3110,3130,3129,3057,3039,3114,3053,3031,3053,3054,3105,3059,3110,3034,3056,3056,3106,3058,3042,3118,3057,3053,3053,3033
3059,3059,3114,3109,3107,3041,3057,3047,3111,3132,3131,3058,3041,3116,3057,3033,3054,3057,3107,3102,3111,3035,3108,3057,3107,3101,3047,3120,3059,3058,3054,3035
3104,3101,3116,3110,3112,3053,3059,3056,3114,3133,3138,3102,3043,3121,3059,3035,3056,3059,3109,3107,3113,3036,3110,3059,3108,3102,3056,3126,3104,3059,3055,3036
3107,3103,3119,3111,3121,3056,3102,3059,3118,3136,3142,3108,3045,3122,3102,3039,3057,3103,3115,3108,3114,3037,3116,3102,3110,3109,3058,3131,3108,3104,3056,3037
3108,3104,3123,3113,3122,3057,3103,3101,3119,3137,3145,3109,3046,3123,3106,3040,3058,3104,3119,3110,3115,3039,3121,3105,3111,3114,3101,3139,3113,3105,3104,3038
3109,3105,3129,3115,3123,3104,3106,3108,3121,3138,3146,3111,3047,3127,3109,3041,3101,3108,3131,3112,3119,3045,3122,3107,3121,3118,3102,3142,3116,3109,3112,3043
3113,3107,3132,3120,3125,3106,3111,3110,3125,3140,3148,3113,3051,3143,3114,3045,3107,3111,3136,3113,3120,3051,3126,3108,3128,3120,3104,3143,3120,3110,3116,3047
3114,3110,3134,3121,3129,3111,3115,3115,3126,3142,3155,3118,3057,3144,3116,3046,3108,3112,3138,3115,3121,3052,3135,3110,3129,3127,3105,3145,3121,3111,3117,3052
3117,3111,3135,3122,3132,3114,3118,3118,3129,3149,3157,3119,3059,3147,3120,3047,3109,3115,3140,3118,3123,3053,3142,3114,3133,3129,3106,3146,3125,3113,3119,3056
3119,3114,3138,3123,3134,3115,3121,3119,3132,3153,3160,3120,3102,3150,3121,3052,3113,3123,3142,3121,3126,3056,3147,3116,3136,3130,3108,3149,3126,3119,3120,3058
3120,3116,3141,3127,3139,3118,3122,3125,3134,3159,3161,3124,3103,3153,3125,3110,3116,3128,3143,3123,3128,3058,3148,3122,3138,3133,3111,3154,3129,3120,3125,3104
3122,3118,3146,3128,3140,3122,3127,3132,3141,3162,3163,3126,3105,3158,3128,3120,3127,3134,3148,3125,3131,3103,3151,3124,3139,3139,3113,3155,3131,3122,3126,3105
3126,3119,3147,3132,3144,3123,3129,3135,3143,3163,3165,3127,3114,3160,3131,3123,3128,3135,3153,3131,3133,3104,3155,3125,3142,3142,3114,3157,3135,3123,3133,3110
3129,3121,3156,3134,3150,3124,3130,3136,3145,3167,3167,3129,3129,3162,3132,3124,3129,3137,3156,3137,3136,3106,3156,3126,3144,3144,3128,3161,3137,3124,3134,3111
3131,3123,3157,3140,3153,3126,3134,3137,3151,3169,3202,3135,3131,3163,3134,3125,3130,3140,3158,3138,3140,3111,3158,3128,3154,3145,3129,3162,3139,3125,3135,3113
3132,3126,3160,3149,3154,3130,3137,3139,3153,3201,3210,3138,3133,3166,3138,3126,3136,3146,3159,3139,3141,3113,3159,3132,3155,3149,3131,3165,3142,3127,3138,3114
3133,3127,3162,3153,3158,3131,3138,3144,3154,3203,3213,3140,3142,3167,3140,3127,3138,3149,3163,3142,3142,3118,3167,3140,3159,3155,3137,3166,3143,3129,3140,3116
3136,3132,3168,3155,3159,3133,3145,3145,3159,3204,3215,3141,3145,3169,3143,3134,3144,3151,3167,3144,3146,3121,3169,3142,3161,3157,3139,3167,3149,3138,3142,3118
3146,3135,3203,3158,3161,3139,3150,3146,3163,3205,3216,3142,3146,3204,3146,3140,3145,3156,3168,3145,3148,3122,3170,3146,3163,3160,3140,3202,3150,3139,3144,3124
3147,3138,3208,3161,3163,3140,3151,3149,3169,3206,3220,3143,3148,3206,3147,3145,3148,3160,3202,3146,3153,3125,3201,3154,3164,3161,3141,3203,3154,3140,3145,3127
3151,3139,3209,3162,3168,3143,3154,3151,3206,3208,3224,3148,3153,3214,3150,3148,3150,3163,3203,3158,3154,3126,3205,3164,3165,3163,3143,3210,3157,3149,3147,3129
3162,3140,3214,3203,3170,3145,3157,3155,3213,3211,3225,3149,3155,3216,3155,3159,3157,3166,3205,3162,3155,3127,3206,3166,3201,3164,3146,3224,3159,3151,3150,3138
3165,3141,3215,3207,3204,3146,3162,3157,3215,3222,3226,3151,3158,3217,3159,3160,3158,3169,3206,3166,3158,3131,3207,3167,3202,3167,3157,3225,3163,3153,3153,3148
3167,3142,3216,3216,3205,3148,3164,3159,3220,3224,3227,3153,3159,3219,3166,3162,3160,3170,3210,3168,3166,3133,3208,3170,3203,3168,3159,3226,3169,3158,3156,3153
3169,3147,3218,3219,3209,3149,3165,3160,3221,3230,3231,3158,3160,3220,3167,3163,3165,3202,3211,3170,3170,3134,3210,3201,3206,3170,3162,3228,3201,3160,3158,3154
3201,3148,3230,3222,3215,3151,3166,3162,3222,3235,3232,3159,3162,3224,3168,3165,3167,3204,3212,3204,3204,3138,3214,3209,3207,3201,3164,3230,3202,3163,3160,3158
3202,3157,3232,3224,3221,3155,3167,3163,3224,3237,3233,3161,3163,3226,3205,3167,3168,3206,3213,3207,3205,3144,3215,3215,3213,3203,3165,3233,3203,3167,3163,3161
3203,3158,3235,3225,3228,3164,3202,3164,3226,3239,3240,3163,3202,3227,3207,3203,3169,3207,3217,3208,3213,3149,3219,3217,3214,3207,3167,3237,3205,3202,3207,3163
3205,3162,3237,3230,3229,3167,3206,3168,3227,3244,3242,3164,3208,3232,3208,3206,3201,3210,3221,3209,3217,3150,3220,3218,3216,3221,3170,3239,3206,3205,3209,3201
3209,3164,3239,3231,3230,3201,3209,3169,3231,3249,3243,3166,3209,3234,3215,3207,3204,3212,3223,3210,3218,3153,3222,3219,3218,3222,3201,3240,3207,3210,3211,3208
3211,3165,3243,3232,3231,3204,3215,3201,3240,3251,3244,3169,3211,3236,3224,3212,3205,3213,3226,3214,3219,3154,3225,3226,3220,3223,3206,3241,3209,3211,3212,3209
3218,3167,3247,3233,3238,3210,3220,3202,3242,3256,3248,3170,3217,3237,3231,3213,3208,3215,3228,3217,3224,3162,3227,3229,3223,3226,3208,3243,3210,3215,3213,3216
3227,3201,3251,3234,3239,3215,3221,3205,3263,3266,3255,3204,3219,3238,3232,3215,3210,3217,3230,3219,3228,3163,3229,3235,3224,3227,3212,3244,3215,3219,3216,3218
3232,3204,3254,3239,3244,3219,3238,3207,3264,3301,3266,3206,3220,3240,3235,3219,3212,3222,3231,3223,3231,3164,3233,3241,3227,3228,3213,3247,3217,3223,3220,3220
3239,3206,3255,3240,3245,3220,3239,3212,3267,3310,3267,3215,3224,3241,3243,3226,3213,3225,3233,3228,3234,3166,3237,3242,3236,3229,3214,3250,3218,3227,3225,3224
3240,3215,3260,3245,3258,3221,3241,3213,3307,3311,3268,3218,3226,3246,3246,3228,3214,3227,3239,3230,3235,3167,3247,3244,3239,3230,3215,3252,3219,3230,3226,3225
3244,3223,3261,3249,3263,3230,3243,3214,3309,3314,3301,3219,3230,3247,3247,3229,3215,3230,3241,3231,3236,3168,3250,3246,3247,3232,3218,3254,3220,3232,3228,3230
3250,3226,3266,3253,3266,3239,3245,3217,3311,3315,3305,3220,3232,3250,3250,3236,3216,3232,3245,3233,3240,3169,3251,3255,3251,3233,3219,3260,3221,3233,3232,3231
3252,3230,3268,3255,3302,3241,3249,3220,3312,3318,3306,3224,3233,3252,3252,3237,3218,3233,3247,3239,3241,3170,3252,3261,3256,3234,3220,3266,3225,3238,3236,3233
3253,3231,3304,3257,3307,3246,3252,3221,3314,3321,3309,3225,3234,3255,3254,3241,3220,3234,3251,3240,3247,3204,3253,3263,3258,3239,3223,3267,3230,3241,3240,3235
3256,3232,3307,3259,3308,3251,3253,3227,3315,3322,3312,3228,3236,3262,3255,3244,3222,3239,3252,3242,3249,3205,3255,3267,3262,3245,3230,3268,3234,3242,3246,3241
3259,3240,3308,3262,3312,3253,3255,3228,3319,3324,3313,3229,3244,3263,3259,3245,3227,3240,3255,3246,3250,3207,3256,3303,3263,3249,3232,3301,3238,3243,3247,3243
3260,3244,3312,3266,3313,3258,3256,3232,3320,3327,3316,3230,3247,3266,3261,3246,3228,3242,3259,3248,3256,3213,3257,3305,3301,3258,3233,3302,3242,3246,3252,3258
3261,3245,3317,3268,3317,3260,3259,3233,3323,3328,3320,3231,3248,3302,3262,3247,3238,3246,3262,3249,3258,3217,3260,3306,3302,3259,3238,3304,3243,3247,3258,3259
3264,3246,3318,3304,3324,3262,3261,3234,3327,3401,3322,3239,3251,3305,3266,3250,3240,3247,3263,3250,3262,3218,3262,3311,3307,3261,3240,3305,3248,3249,3261,3260
3267,3247,3321,3308,3326,3265,3265,3238,3328,3403,3325,3243,3252,3315,3267,3256,3243,3248,3265,3251,3263,3222,3264,3312,3308,3266,3242,3307,3250,3250,3264,3266
3301,3251,3323,3312,3408,3267,3267,3240,3404,3408,3330,3244,3256,3316,3302,3264,3248,3250,3266,3252,3264,3224,3303,3314,3309,3268,3247,3309,3258,3256,3267,3267
3302,3254,3328,3314,3410,3303,3301,3248,3406,3409,3401,3246,3258,3317,3307,3265,3255,3252,3301,3260,3265,3227,3305,3317,3310,3304,3249,3314,3303,3257,3305,3302
3306,3258,3403,3315,3411,3305,3303,3255,3411,3410,3405,3247,3259,3318,3310,3301,3256,3262,3302,3261,3267,3233,3307,3320,3311,3306,3252,3316,3304,3258,3308,3307
3310,3303,3405,3316,3413,3307,3329,3259,3415,3411,3408,3258,3265,3322,3321,3302,3259,3264,3305,3265,3308,3234,3311,3322,3314,3307,3255,3318,3306,3265,3310,3309
3313,3308,3409,3317,3415,3308,3406,3265,3417,3419,3411,3259,3267,3326,3323,3312,3260,3266,3308,3267,3314,3237,3312,3323,3321,3309,3256,3321,3310,3304,3311,3312
3314,3310,3411,3319,3416,3309,3409,3266,3419,3502,3413,3262,3301,3329,3324,3313,3263,3267,3309,3301,3322,3246,3314,3324,3324,3313,3257,3329,3311,3305,3316,3315
3316,3312,3414,3321,3417,3310,3411,3267,3421,3504,3415,3264,3303,3402,3407,3314,3306,3268,3311,3304,3324,3251,3317,3327,3325,3316,3258,3401,3313,3311,3319,3318
3318,3318,3416,3325,3420,3311,3416,3307,3501,3506,3416,3266,3304,3406,3409,3316,3307,3302,3314,3308,3328,3252,3320,3328,3328,3321,3262,3402,3314,3314,3321,3323
3320,3320,3417,3326,3422,3314,3417,3308,3508,3508,3417,3303,3305,3413,3411,3318,3310,3309,3315,3312,3329,3254,3325,3401,3401,3322,3263,3404,3318,3317,3326,3324
3325,3322,3419,3330,3505,3317,3419,3309,3509,3511,3418,3306,3314,3422,3412,3319,3312,3311,3317,3315,3411,3259,3326,3402,3403,3323,3268,3406,3319,3318,3401,3325
3401,3323,3421,3402,3510,3318,3501,3311,3511,3512,3419,3307,3315,3501,3413,3322,3314,3323,3323,3317,3415,3261,3402,3405,3404,3324,3304,3411,3324,3328,3404,3327
3402,3325,3501,3405,3511,3324,3506,3312,3514,3513,3501,3308,3317,3503,3418,3326,3317,3330,3324,3322,3418,3262,3404,3407,3406,3327,3306,3412,3327,3402,3408,3329
3407,3405,3504,3412,3514,3325,3509,3321,3516,3514,3507,3310,3319,3510,3419,3329,3319,3404,3326,3326,3420,3266,3405,3415,3407,3406,3311,3415,3403,3410,3413,3401
3408,3406,3506,3414,3521,3328,3510,3324,3518,3519,3508,3313,3320,3514,3421,3403,3321,3405,3402,3329,3422,3301,3407,3420,3411,3407,3314,3418,3412,3415,3419,3402
3409,3408,3508,3415,3527,3329,3512,3325,3524,3520,3509,3314,3326,3518,3422,3404,3322,3407,3403,3330,3503,3304,3408,3421,3413,3409,3317,3420,3419,3416,3422,3403
3411,3409,3509,3418,3530,3330,3517,3326,3529,3521,3510,3316,3330,3521,3503,3406,3323,3409,3405,3407,3508,3314,3409,3506,3414,3410,3322,3502,3422,3417,3502,3405
3412,3416,3518,3420,3532,3401,3524,3330,3533,3525,3511,3318,3401,3523,3504,3407,3403,3412,3409,3408,3509,3316,3410,3507,3415,3413,3323,3506,3502,3418,3503,3406
3414,3421,3519,3421,3534,3406,3531,3419,3537,3526,3512,3321,3404,3526,3506,3409,3404,3413,3413,3412,3513,3317,3414,3508,3418,3415,3324,3508,3507,3421,3504,3409
3419,3501,3521,3501,3535,3407,3532,3504,3539,3527,3513,3322,3405,3527,3511,3413,3405,3420,3418,3414,3514,3325,3418,3509,3419,3416,3328,3510,3508,3422,3509,3410
3421,3504,3523,3502,3536,3408,3535,3505,3542,3529,3514,3328,3411,3530,3512,3415,3407,3422,3419,3418,3517,3329,3421,3510,3502,3420,3330,3515,3510,3503,3511,3411
3422,3507,3524,3504,3538,3414,3536,3506,3544,3531,3518,3329,3412,3532,3515,3416,3409,3504,3420,3505,3518,3330,3503,3517,3504,3421,3406,3520,3511,3505,3512,3412
3508,3508,3527,3505,3539,3417,3540,3507,3551,3532,3520,3330,3414,3533,3517,3422,3410,3506,3421,3507,3522,3402,3506,3530,3506,3504,3409,3525,3513,3506,3514,3414
3511,3519,3532,3507,3540,3419,3543,3509,3555,3536,3521,3411,3415,3535,3520,3505,3414,3514,3503,3513,3527,3408,3513,3532,3507,3507,3410,3526,3514,3509,3517,3417
3512,3522,3533,3515,3541,3420,3545,3518,3556,3538,3526,3412,3417,3536,3525,3506,3416,3516,3505,3518,3531,3419,3518,3533,3509,3509,3418,3527,3515,3510,3518,3421
3516,3523,3534,3517,3544,3421,3548,3526,3557,3540,3530,3419,3419,3537,3528,3507,3419,3517,3507,3519,3533,3501,3521,3539,3514,3512,3420,3528,3517,3518,3520,3506
3517,3525,3537,3519,3545,3502,3551,3531,3562,3542,3537,3420,3421,3541,3531,3509,3502,3520,3513,3521,3537,3504,3523,3555,3518,3515,3502,3529,3521,3519,3522,3511
3521,3531,3540,3520,3546,3509,3553,3532,3563,3546,3540,3504,3422,3542,3537,3513,3503,3522,3514,3524,3539,3505,3524,3562,3521,3517,3503,3531,3522,3521,3525,3512
3530,3533,3543,3521,3547,3510,3563,3533,3565,3551,3543,3509,3501,3544,3544,3514,3514,3530,3515,3528,3540,3506,3526,3563,3523,3521,3507,3532,3527,3522,3527,3517
3538,3537,3545,3524,3548,3516,3565,3539,3569,3560,3544,3512,3502,3546,3545,3518,3516,3531,3516,3529,3544,3512,3528,3564,3532,3522,3508,3535,3531,3525,3531,3522
3539,3539,3548,3525,3551,3517,3569,3545,3571,3561,3547,3521,3503,3549,3546,3519,3518,3535,3518,3535,3545,3513,3530,3565,3536,3529,3510,3539,3532,3531,3535,3526
3547,3553,3549,3526,3553,3518,3574,3546,3574,3563,3548,3523,3508,3553,3547,3524,3522,3537,3521,3536,3546,3515,3536,3566,3537,3533,3512,3541,3537,3533,3540,3532
3548,3557,3550,3528,3555,3519,3575,3548,3575,3564,3550,3525,3509,3554,3548,3527,3527,3541,3523,3545,3547,3516,3547,3568,3539,3535,3520,3542,3540,3534,3541,3536
3558,3558,3554,3529,3556,3521,3576,3552,3576,3568,3551,3531,3518,3555,3551,3532,3530,3542,3525,3548,3554,3517,3548,3571,3540,3540,3523,3544,3542,3535,3542,3539
3559,3563,3555,3532,3557,3522,3601,3553,3577,3569,3553,3542,3521,3556,3561,3533,3531,3543,3526,3551,3555,3518,3553,3572,3541,3542,3525,3553,3543,3538,3544,3545
3560,3567,3558,3533,3561,3525,3602,3557,3602,3570,3554,3544,3522,3558,3562,3534,3532,3551,3528,3552,3556,3519,3554,3574,3543,3544,3527,3555,3546,3539,3551,3547
3564,3573,3559,3534,3564,3527,3615,3558,3603,3577,3556,3548,3523,3560,3567,3540,3537,3555,3533,3554,3561,3521,3555,3577,3548,3546,3528,3557,3547,3542,3553,3548
3568,3575,3563,3535,3566,3532,3617,3560,3604,3601,3557,3551,3531,3567,3572,3541,3538,3559,3534,3561,3562,3524,3563,3607,3549,3547,3531,3559,3553,3544,3554,3550
3569,3601,3569,3536,3569,3548,3618,3562,3608,3604,3559,3554,3538,3569,3575,3542,3541,3562,3540,3563,3565,3528,3566,3609,3555,3548,3538,3565,3555,3548,3555,3553
3601,3605,3575,3539,3570,3550,3620,3565,3609,3610,3561,3568,3540,3571,3605,3543,3542,3566,3543,3566,3566,3531,3569,3613,3558,3553,3542,3567,3559,3551,3567,3556
3602,3612,3576,3546,3571,3551,3622,3567,3611,3613,3564,3570,3550,3572,3608,3545,3543,3568,3544,3568,3567,3533,3573,3615,3561,3554,3547,3568,3560,3554,3568,3557
3604,3615,3609,3548,3572,3554,3624,3572,3614,3617,3566,3572,3553,3577,3612,3550,3545,3571,3548,3569,3569,3539,3577,3616,3567,3562,3548,3571,3567,3555,3574,3559
3606,3616,3611,3554,3576,3557,3628,3573,3615,3618,3567,3576,3555,3602,3613,3551,3548,3574,3555,3572,3570,3541,3606,3618,3568,3565,3549,3576,3569,3556,3577,3561
3609,3617,3622,3560,3606,3562,3629,3574,3618,3621,3569,3608,3561,3607,3614,3552,3550,3575,3559,3576,3572,3544,3607,3621,3571,3566,3550,3602,3573,3557,3602,3563
3610,3622,3624,3564,3608,3569,3637,3575,3619,3632,3570,3609,3564,3612,3616,3559,3551,3608,3560,3605,3576,3546,3608,3623,3573,3568,3551,3606,3601,3558,3606,3564
3612,3627,3627,3565,3609,3576,3643,3576,3621,3634,3573,3618,3566,3613,3619,3571,3555,3611,3561,3606,3602,3551,3609,3625,3575,3571,3558,3607,3607,3562,3607,3575
3618,3638,3628,3568,3621,3606,3647,3577,3631,3636,3575,3621,3570,3622,3622,3574,3568,3617,3564,3607,3611,3553,3611,3629,3602,3572,3559,3615,3609,3563,3610,3601
3621,3639,3631,3571,3625,3610,3649,3604,3634,3639,3576,3622,3576,3624,3623,3603,3571,3618,3567,3610,3617,3554,3613,3630,3607,3603,3561,3619,3610,3564,3614,3606
3625,3642,3632,3576,3627,3612,3650,3609,3635,3641,3601,3623,3601,3625,3624,3607,3576,3623,3568,3611,3619,3555,3617,3632,3608,3605,3566,3621,3616,3571,3616,3608
3626,3644,3633,3577,3628,3613,3709,3610,3638,3642,3609,3624,3603,3628,3631,3608,3601,3626,3573,3614,3621,3559,3624,3637,3609,3608,3572,3624,3626,3572,3617,3613
3627,3646,3637,3602,3629,3615,3712,3611,3643,3646,3621,3625,3607,3636,3632,3611,3602,3627,3574,3620,3624,3568,3626,3643,3610,3613,3573,3626,3627,3574,3624,3615
3628,3648,3638,3608,3631,3616,3713,3612,3644,3647,3624,3627,3608,3637,3635,3613,3603,3629,3605,3621,3625,3570,3635,3645,3612,3614,3576,3628,3628,3575,3625,3618
3629,3649,3647,3609,3634,3618,3714,3615,3645,3649,3625,3628,3610,3639,3641,3615,3605,3634,3606,3623,3626,3571,3636,3646,3613,3619,3603,3630,3631,3601,3627,3623
3633,3701,3648,3616,3639,3619,3718,3616,3646,3650,3626,3629,3621,3640,3644,3616,3606,3635,3608,3628,3629,3573,3640,3647,3620,3621,3605,3634,3632,3603,3629,3627
3640,3702,3701,3617,3649,3620,3721,3619,3648,3701,3627,3630,3623,3641,3646,3619,3613,3638,3616,3631,3632,3605,3645,3648,3622,3625,3607,3635,3635,3604,3630,3630
3644,3704,3704,3618,3701,3622,3722,3620,3703,3704,3628,3636,3625,3644,3701,3620,3620,3639,3620,3637,3633,3608,3649,3649,3627,3626,3608,3636,3640,3611,3632,3632
3647,3705,3706,3623,3702,3629,3723,3624,3704,3706,3629,3641,3627,3646,3705,3621,3630,3641,3621,3647,3635,3610,3703,3702,3629,3629,3614,3641,3641,3617,3633,3636
3649,3707,3707,3627,3706,3630,3725,3627,3715,3708,3631,3644,3628,3648,3707,3627,3631,3643,3622,3648,3638,3621,3704,3704,3638,3631,3615,3707,3643,3619,3638,3637
3702,3709,3713,3629,3707,3632,3726,3629,3718,3709,3633,3650,3632,3649,3710,3631,3635,3646,3624,3649,3640,3622,3709,3705,3642,3633,3616,3710,3644,3622,3639,3638
3718,3718,3714,3630,3709,3635,3728,3630,3721,3713,3643,3707,3637,3703,3713,3634,3636,3702,3634,3702,3641,3623,3712,3707,3643,3636,3619,3711,3646,3623,3642,3639
3721,3721,3716,3636,3710,3636,3729,3632,3722,3714,3645,3711,3639,3705,3714,3635,3641,3708,3636,3708,3642,3625,3713,3711,3645,3637,3620,3712,3647,3631,3648,3641
3722,3722,3718,3643,3712,3637,3730,3634,3723,3715,3649,3712,3640,3707,3721,3639,3643,3710,3637,3715,3646,3629,3727,3712,3646,3638,3623,3716,3701,3635,3702,3642
3727,3726,3719,3645,3713,3642,3731,3635,3724,3717,3704,3714,3645,3714,3724,3640,3644,3712,3642,3716,3647,3634,3729,3716,3649,3640,3629,3725,3705,3637,3704,3644
3729,3728,3724,3649,3714,3643,3734,3640,3725,3720,3705,3715,3646,3717,3727,3646,3649,3716,3644,3717,3701,3636,3735,3717,3701,3643,3630,3729,3708,3640,3708,3649
3734,3729,3725,3703,3724,3644,3741,3644,3728,3730,3709,3718,3704,3720,3728,3649,3701,3717,3645,3718,3702,3637,3736,3722,3703,3644,3633,3732,3712,3642,3709,3702
3740,3730,3729,3704,3725,3645,3742,3707,3729,3732,3711,3719,3710,3721,3729,3650,3703,3718,3650,3719,3705,3639,3738,3723,3710,3708,3635,3737,3713,3644,3714,3704
3748,3731,3730,3705,3728,3646,3743,3709,3734,3735,3712,3722,3711,3722,3736,3708,3705,3722,3701,3721,3708,3642,3739,3724,3712,3710,3636,3738,3715,3646,3716,3710
3749,3735,3732,3719,3731,3647,3747,3713,3736,3739,3716,3723,3716,3725,3738,3714,3710,3726,3702,3724,3711,3643,3745,3725,3718,3711,3641,3740,3718,3705,3717,3716
3752,3737,3733,3724,3734,3705,3751,3714,3737,3746,3717,3726,3729,3728,3740,3715,3718,3727,3703,3725,3713,3648,3748,3727,3720,3714,3642,3741,3721,3707,3720,3726
3753,3740,3735,3727,3735,3706,3753,3717,3739,3749,3726,3731,3731,3729,3743,3718,3721,3730,3705,3728,3716,3702,3750,3733,3722,3719,3645,3742,3726,3712,3723,3730
3801,3741,3739,3729,3737,3707,3801,3718,3743,3750,3740,3734,3733,3731,3744,3719,3722,3733,3708,3730,3717,3703,3753,3734,3723,3721,3648,3743,3731,3717,3724,3731
3802,3742,3741,3732,3738,3710,3802,3722,3745,3753,3741,3738,3736,3732,3748,3721,3725,3734,3715,3733,3721,3706,3754,3735,3729,3727,3650,3745,3739,3725,3730,3734
3805,3748,3742,3734,3739,3713,3803,3737,3746,3757,3743,3740,3744,3737,3749,3722,3729,3736,3717,3737,3729,3711,3805,3738,3731,3729,3711,3748,3741,3740,3731,3735
3902,3754,3745,3735,3741,3714,3904,3738,3749,3902,3746,3741,3750,3739,3751,3723,3732,3737,3722,3739,3731,3714,3902,3740,3734,3733,3714,3749,3745,3743,3734,3736
3906,3757,3749,3740,3743,3718,3912,3739,3757,3903,3747,3745,3752,3745,3754,3728,3733,3738,3724,3742,3732,3716,3904,3742,3738,3736,3715,3757,3749,3745,3736,3737
3909,3801,3753,3747,3746,3723,3917,3740,3801,3904,3754,3746,3755,3748,3756,3733,3734,3739,3726,3743,3733,3723,3907,3746,3742,3737,3726,3805,3750,3751,3744,3740
3913,3805,3755,3750,3753,3728,3918,3741,3901,3905,3801,3748,3802,3749,3757,3736,3743,3745,3730,3745,3734,3724,3909,3754,3744,3738,3729,3901,3751,3753,3746,3741
3915,3902,3756,3753,3754,3730,3920,3743,3902,3908,3802,3749,3803,3752,3801,3738,3744,3746,3732,3751,3743,3725,3910,3801,3746,3741,3731,3903,3753,3755,3749,3745
3924,3903,3802,3754,3755,3732,3923,3748,3908,3914,3804,3753,3902,3755,3802,3747,3745,3748,3733,3755,3746,3727,3915,3803,3749,3742,3733,3907,3754,3802,3752,3748
3927,3905,3902,3802,3756,3734,3924,3749,3911,3917,3906,3754,3913,3757,3910,3748,3749,3751,3734,3756,3747,3732,3917,3903,3750,3752,3742,3909,3755,3804,3753,3753
3932,3912,3903,3803,3804,3740,3925,3750,3912,3921,3908,3756,3914,3802,3915,3753,3751,3755,3735,3902,3750,3734,3918,3909,3754,3755,3745,3912,3801,3903,3754,3802
3936,3915,3904,3902,3805,3741,3929,3751,3917,3922,3909,3757,3921,3804,3916,3755,3752,3757,3741,3909,3752,3737,3920,3911,3757,3757,3747,3913,3804,3905,3755,3804
3938,3919,3907,3903,3905,3743,3931,3752,3928,3931,3910,3803,3926,3805,3923,3756,3801,3801,3742,3912,3754,3745,3921,3915,3803,3803,3752,3915,3901,3906,3803,3805
3939,3922,3908,3907,3906,3744,3933,3755,3929,3933,3914,3805,3927,3901,3924,3803,3802,3903,3743,3913,3756,3748,3922,3920,3805,3901,3801,3919,3903,3908,3903,3905
3941,3924,3911,3911,3908,3750,3936,3804,3935,3936,3915,3901,3929,3904,3926,3902,3804,3909,3744,3915,3757,3749,3925,3921,3901,3902,3803,3921,3906,3909,3905,3908
3942,3925,3913,3912,3910,3753,3939,3805,3936,3937,3916,3906,3937,3914,3927,3903,3805,3911,3745,3919,3802,3750,3926,3922,3905,3907,3906,3923,3909,3913,3907,3912
3944,3926,3915,3914,3911,3754,3941,3902,3938,3939,3917,3910,3938,3917,3928,3904,3901,3913,3746,3925,3901,3802,3927,3933,3909,3908,3910,3928,3914,3917,3910,3914
3946,3927,3923,3916,3918,3756,3944,3903,3946,3941,3918,3911,3939,3921,3930,3909,3904,3914,3753,3928,3907,3904,3934,3936,3911,3911,3921,3929,3922,3918,3911,3916
3948,3928,3924,3917,3921,3802,3946,3907,3952,3943,3922,3915,3941,3927,3933,3910,3910,3917,3756,3932,3911,3912,3939,3942,3912,3913,3924,3930,3931,3921,3913,3920
4002,3930,3926,3919,3922,3804,3951,3911,3954,3944,3925,3916,3944,3928,3934,3913,3916,3918,3802,3935,3918,3913,3940,3945,3914,3915,3926,3939,3932,3922,3920,3921
4004,3932,3933,3922,3923,3902,3956,3914,3956,3954,3927,3917,3947,3929,3944,3932,3917,3921,3902,3936,3920,3915,3941,3947,3916,3916,3928,3940,3935,3926,3921,3925
4006,3933,3937,3926,3928,3903,3960,3919,3958,3955,3932,3919,3950,3931,3945,3933,3918,3927,3904,3939,3921,3921,3946,3949,3920,3919,3930,3941,3936,3927,3923,3927
4009,3941,3940,3927,3930,3906,3964,3920,3961,3956,3934,3920,3954,3933,3950,3935,3921,3929,3909,3940,3922,3925,3949,3951,3925,3922,3934,3947,3937,3935,3925,3929
4011,3944,3943,3928,3931,3909,4001,3924,3963,3957,3940,3927,3957,3934,3953,3938,3923,3931,3910,3942,3925,3927,3951,3952,3926,3923,3941,3949,3939,3939,3933,3930
4012,3945,3946,3929,3932,3914,4002,3930,4001,3958,3941,3928,3959,3938,3954,3939,3929,3934,3911,3943,3928,3929,3953,3955,3929,3926,3943,3952,3950,3940,3936,3931
4014,3947,3947,3930,3934,3920,4004,3932,4003,3960,3943,3934,3963,3939,3959,3940,3931,3935,3912,3950,3930,3932,3955,3957,3937,3928,3949,3958,3951,3945,3937,3934
4015,3955,3948,3933,3937,3921,4006,3934,4005,3962,3951,3942,3964,3945,3960,3941,3932,3937,3913,3959,3931,3935,3956,3958,3938,3930,3950,3960,3955,3950,3940,3936
4021,3962,3950,3938,3939,3925,4018,3940,4011,4001,3958,3943,4002,3949,3964,3942,3933,3941,3914,3962,3934,3939,3957,3959,3941,3932,3955,3962,3956,3953,3943,3942
4025,4004,3952,3939,3941,3928,4022,3941,4017,4003,3963,3944,4003,3950,4002,3945,3935,3954,3920,3963,3936,3941,3960,3960,3946,3937,3957,3963,3958,3955,3944,3944
4026,4006,3953,3945,3943,3931,4024,3943,4019,4007,4001,3948,4005,3955,4007,3948,3937,3956,3923,4003,3937,3944,4003,3962,3949,3938,3958,4002,3960,3958,3946,3949
4028,4011,3954,3954,3946,3935,4027,3946,4020,4009,4003,3949,4007,3956,4008,3950,3941,4009,3924,4006,3942,3947,4004,4003,3950,3941,3962,4005,3963,3960,3948,3954
4032,4012,3955,3956,3947,3936,4032,3947,4021,4017,4006,3952,4011,3958,4010,3955,3950,4010,3927,4009,3943,3953,4006,4006,3956,3956,4001,4006,3964,3961,3949,3958
4033,4013,3957,3961,3948,3940,4033,3962,4022,4019,4008,3955,4016,3960,4011,3956,3952,4016,3930,4010,3944,3956,4008,4011,3957,3960,4002,4007,4001,3963,3951,3959
4036,4016,3958,3963,3953,3961,4035,3963,4024,4021,4009,3959,4018,4010,4012,3957,3959,4018,3936,4021,3946,3960,4009,4015,3960,3962,4004,4008,4002,3964,3952,3964
4037,4017,3959,3964,3957,4002,4037,4002,4028,4023,4010,3960,4019,4012,4013,3958,3960,4022,3944,4023,3947,4001,4014,4018,4001,3963,4007,4011,4003,4003,3956,4004
4040,4018,3960,4006,3958,4003,4038,4026,4029,4024,4014,3964,4020,4018,4014,3962,4001,4023,3945,4025,3951,4006,4015,4019,4009,4004,4009,4013,4005,4008,3962,4005
4041,4019,3963,4008,4006,4006,4039,4030,4030,4027,4018,4001,4021,4019,4016,3963,4002,4025,3946,4033,3957,4009,4019,4025,4013,4007,4013,4015,4011,4010,4001,4006
4043,4026,3964,4011,4015,4012,4040,4033,4031,4028,4019,4003,4022,4021,4018,4003,4006,4026,3950,4036,3958,4010,4020,4026,4014,4010,4016,4017,4012,4011,4002,4007
4049,4028,4003,4014,4017,4015,4045,4034,4035,4033,4022,4004,4026,4023,4019,4009,4007,4028,3952,4042,3961,4012,4021,4028,4016,4013,4021,4018,4013,4013,4006,4008
4050,4032,4006,4016,4018,4018,4054,4035,4045,4034,4024,4007,4027,4024,4020,4011,4008,4030,3953,4045,3962,4013,4023,4029,4021,4014,4026,4019,4015,4016,4007,4012
4053,4038,4010,4026,4020,4022,4057,4036,4047,4037,4025,4012,4028,4026,4022,4012,4011,4032,3954,4046,3964,4016,4027,4031,4024,4018,4029,4022,4019,4018,4021,4016
4054,4039,4012,4027,4025,4028,4059,4040,4050,4038,4026,4013,4029,4029,4023,4013,4013,4035,3955,4050,4006,4019,4029,4033,4031,4019,4034,4023,4022,4021,4022,4017
4057,4041,4013,4029,4026,4033,4062,4041,4051,4040,4029,4015,4033,4031,4025,4014,4019,4042,3956,4053,4011,4022,4033,4035,4033,4023,4035,4024,4023,4025,4025,4022
4058,4046,4014,4031,4027,4038,4064,4042,4053,4045,4034,4017,4038,4034,4026,4016,4022,4044,3960,4055,4013,4026,4036,4041,4036,4024,4036,4025,4025,4027,4028,4023
4059,4048,4024,4032,4028,4041,4065,4048,4056,4048,4036,4018,4041,4036,4030,4018,4026,4048,3963,4059,4023,4032,4037,4043,4038,4025,4039,4026,4026,4029,4029,4030
4060,4053,4030,4034,4029,4042,4068,4056,4057,4050,4037,4020,4044,4038,4037,4021,4030,4049,4005,4060,4025,4037,4042,4045,4044,4027,4046,4027,4028,4031,4031,4036
4067,4055,4033,4037,4034,4043,4202,4057,4058,4051,4038,4023,4046,4039,4038,4022,4032,4050,4012,4066,4026,4042,4050,4050,4048,4031,4047,4031,4033,4036,4036,4042
4068,4056,4038,4038,4035,4048,4203,4058,4064,4052,4039,4026,4053,4040,4041,4023,4035,4054,4015,4067,4033,4046,4051,4052,4050,4037,4050,4037,4034,4038,4044,4046
4069,4057,4041,4040,4037,4051,4204,4065,4066,4053,4043,4032,4054,4052,4042,4024,4041,4055,4017,4069,4034,4049,4052,4054,4052,4038,4052,4038,4038,4039,4046,4047
4203,4058,4045,4042,4041,4052,4205,4068,4067,4057,4045,4034,4056,4058,4045,4029,4043,4058,4027,4070,4036,4058,4055,4060,4053,4041,4053,4040,4039,4041,4054,4049
4204,4059,4051,4045,4045,4054,4207,4069,4204,4065,4047,4035,4059,4059,4046,4042,4045,4060,4035,4203,4038,4061,4058,4062,4057,4046,4055,4041,4042,4042,4057,4061
4209,4061,4053,4046,4046,4055,4211,4070,4206,4066,4049,4036,4060,4060,4047,4045,4048,4067,4045,4211,4041,4062,4061,4067,4064,4050,4060,4043,4053,4046,4059,4064
4211,4065,4054,4052,4050,4056,4212,4201,4214,4070,4050,4040,4061,4065,4049,4047,4049,4069,4046,4213,4042,4068,4066,4069,4065,4053,4061,4047,4056,4047,4062,4065
4215,4067,4056,4054,4052,4058,4214,4202,4215,4071,4053,4044,4064,4066,4059,4050,4050,4201,4048,4217,4049,4069,4067,4202,4066,4060,4062,4048,4057,4048,4067,4066
4216,4201,4057,4055,4053,4060,4215,4204,4216,4207,4054,4045,4065,4070,4066,4051,4054,4203,4055,4218,4053,4071,4068,4203,4069,4062,4068,4052,4059,4049,4068,4201
4217,4207,4062,4056,4057,4064,4217,4209,4217,4208,4055,4047,4071,4201,4204,4052,4055,4205,4056,4219,4060,4202,4071,4205,4201,4065,4069,4056,4060,4051,4203,4205
4219,4208,4065,4070,4062,4065,4220,4219,4219,4212,4058,4049,4204,4202,4208,4056,4059,4208,4057,4221,4067,4204,4201,4206,4205,4067,4071,4059,4062,4053,4205,4206
4222,4217,4066,4201,4065,4068,4222,4226,4220,4215,4060,4051,4205,4205,4209,4057,4061,4209,4062,4222,4204,4210,4206,4208,4206,4201,4211,4060,4064,4054,4210,4207
4230,4219,4203,4202,4067,4202,4224,4228,4222,4218,4065,4055,4213,4210,4211,4060,4064,4210,4064,4224,4205,4212,4207,4209,4209,4204,4213,4069,4067,4056,4219,4215
4235,4222,4205,4206,4068,4205,4225,4229,4226,4219,4067,4058,4218,4218,4213,4062,4065,4212,4067,4234,4208,4213,4214,4215,4211,4206,4218,4071,4068,4059,4221,4218
4236,4226,4208,4207,4201,4213,4229,4230,4227,4222,4071,4060,4219,4220,4214,4064,4069,4216,4071,4239,4209,4214,4215,4217,4216,4207,4219,4203,4069,4064,4223,4219
4237,4228,4212,4209,4202,4217,4230,4231,4229,4225,4206,4061,4223,4221,4215,4065,4070,4217,4212,4302,4214,4217,4217,4219,4220,4208,4224,4204,4202,4068,4225,4220
4238,4229,4213,4213,4205,4218,4231,4232,4230,4226,4213,4064,4227,4223,4216,4066,4202,4219,4214,4303,4216,4218,4220,4220,4221,4213,4225,4206,4204,4071,4227,4227
4239,4232,4218,4214,4211,4220,4232,4235,4233,4302,4217,4068,4228,4224,4227,4201,4203,4222,4216,4304,4220,4223,4221,4223,4222,4217,4229,4211,4205,4202,4229,4233
4303,4233,4231,4215,4213,4222,4234,4236,4236,4303,4218,4202,4233,4228,4230,4207,4210,4231,4219,4305,4221,4227,4222,4228,4225,4220,4231,4214,4207,4210,4232,4238
4305,4238,4235,4219,4217,4227,4235,4237,4237,4505,4219,4204,4235,4230,4232,4208,4213,4234,4220,4502,4224,4230,4234,4234,4227,4226,4234,4216,4210,4213,4233,4303
4508,4304,4239,4222,4219,4228,4237,4238,4302,4508,4223,4207,4237,4233,4237,4209,4214,4235,4226,4504,4226,4231,4237,4235,4232,4228,4235,4218,4220,4220,4234,4304
4510,4305,4304,4229,4221,4230,4238,4303,4504,4510,4227,4213,4239,4235,4239,4214,4215,4302,4232,4505,4227,4232,4239,4239,4236,4230,4302,4223,4229,4227,4303,4305
4516,4502,4505,4231,4228,4233,4239,4305,4508,4513,4237,4214,4305,4236,4303,4215,4223,4305,4233,4511,4234,4233,4303,4304,4304,4233,4305,4228,4230,4230,4305,4504
4519,4515,4510,4232,4233,4236,4303,4510,4510,4515,4505,4216,4510,4239,4305,4229,4224,4504,4236,4513,4235,4234,4502,4508,4504,4237,4504,4230,4233,4234,4502,4517
4520,4518,4511,4235,4237,4238,4304,4511,4513,4516,4511,4222,4511,4302,4505,4304,4235,4508,4239,4516,4510,4235,4504,4511,4511,4519,4505,4231,4234,4235,4510,4518
4521,4521,4516,4238,4239,4516,4505,4517,4516,4517,4517,4225,4517,4502,4510,4305,4304,4518,4504,4517,4511,4302,4508,4513,4513,4521,4510,4233,4237,4237,4513,4519
4525,4522,4520,4518,4508,4517,4515,4521,4517,4519,4520,4228,4520,4510,4515,4502,4520,4521,4510,4518,4513,4303,4511,4515,4519,4522,4513,4511,4238,4518,4515,4522
4526,4525,4523,4520,4517,4519,4520,4523,4519,4520,4521,4235,4521,4513,4516,4505,4523,4522,4511,4520,4520,4304,4513,4517,4523,4523,4515,4513,4239,4521,4517,4523
4527,4527,4526,4523,4520,4522,4521,4525,4522,4521,4525,4303,4526,4515,4517,4520,4525,4523,4513,4522,4522,4502,4515,4518,4527,4526,4517,4521,4304,4522,4518,4525
4529,4528,4528,4525,4521,4525,4527,4527,4528,4527,4526,4523,4529,4522,4520,4521,4527,4525,4516,4528,4523,4505,4517,4527,4528,4527,4521,4526,4515,4526,4519,4529
99222,4529,4530,4526,4522,4530,4530,4528,4530,99222,4528,4527,99222,4528,4526,4529,4531,4528,4531,4530,4529,4511,4518,4530,4529,4528,4527,4531,4516,4531,4528,99222
18724300,18724300,18724300,4528,4531,4531,18724300,18724300,18724300,18724300,99222,4531,18724300,4531,4528,99222,99222,4530,99222,4531,4531,4522,4522,4531,4531,99222,99222,99222,4523,18724300,18724300,18724300
